job_title,skills
SEO Specialist,"Java, Google Analytics, Database Management"
Quality Assurance Analyst,"Customer Relationship Management, CSS, User Experience Testing"
Human Resources Manager,"Social Media, HTML, User Experience Testing"
Financial Analyst,"SQL, Product Development, Data Analysis"
UX/UI Designer,"Python, Product Development, SQL"
Financial Analyst,"HTML, Prototyping, User Experience Testing"
Graphic Designer,"Tax Law, Photoshop, Java"
Data Analyst,"SEO, Creativity, Data Analysis"
Accountant,"Market Research, Negotiation, Grammar"
Product Manager,"Data Visualization, Quality Control, Social Media"
Graphic Designer,"Network Security, User Interface Design, Excel"
Software Engineer,"Network Security, Database Management, Media Relations"
SEO Specialist,"Tax Law, SEO, Excel"
Human Resources Manager,"Python, Content Creation, Illustrator"
Content Writer,"Product Development, Sales Pitching, Network Security"
SEO Specialist,"Illustrator, Digital Marketing, Media Relations"
Data Analyst,"Prototyping, Quality Control, Machine Learning"
Content Writer,"Tax Law, Creativity, Database Management"
Sales Representative,"User Experience Testing, Python, Database Management"
Content Writer,"Data Visualization, Statistical Analysis, Quality Control"
Content Writer,"Market Research, Illustrator, Project Coordination"
Project Manager,"Data Analysis, Employee Relations, Quality Control"
Research Scientist,"Google Analytics, Machine Learning, Illustrator"
Financial Analyst,"Employee Relations, Illustrator, Product Development"
Human Resources Manager,"HTML, Digital Marketing, Sales Pitching"
Content Writer,"CSS, Network Security, Market Research"
Database Administrator,"CSS, Data Visualization, SQL"
Research Scientist,"Social Media, Employee Relations, Data Analysis"
Software Engineer,"Sales Pitching, Customer Relationship Management, Negotiation"
Research Scientist,"Media Relations, SQL, Quality Control"
Marketing Specialist,"Scientific Research, Python, Creativity"
Database Administrator,"Digital Marketing, Google Analytics, Illustrator"
Human Resources Manager,"Market Research, HTML, Google Analytics"
SEO Specialist,"Network Security, Python, User Experience Testing"
Marketing Specialist,"Google Analytics, Illustrator, Employee Relations"
Public Relations Specialist,"Tax Law, User Experience Testing, Creativity"
Product Manager,"Network Security, Machine Learning, Content Creation"
Marketing Specialist,"Digital Marketing, Excel, Employee Relations"
Public Relations Specialist,"Photoshop, Python, Network Security"
Human Resources Manager,"CSS, Java, Content Creation"
Database Administrator,"Statistical Analysis, Tax Law, Employee Relations"
Accountant,"Grammar, Data Analysis, Product Development"
Product Manager,"Database Management, Creativity, Quality Control"
Human Resources Manager,"Customer Relationship Management, Data Analysis, Illustrator"
Content Writer,"Machine Learning, Grammar, Digital Marketing"
Financial Analyst,"Excel, User Experience Testing, Tax Law"
Web Developer,"Digital Marketing, Google Analytics, SEO"
Financial Analyst,"SQL, Data Visualization, User Interface Design"
Network Administrator,"Quality Control, Media Relations, Database Management"
Product Manager,"Employee Relations, Digital Marketing, Quality Control"
Software Engineer,"Scientific Research, Media Relations, SEO"
SEO Specialist,"Product Development, Google Analytics, Photoshop"
Human Resources Manager,"Project Coordination, Employee Relations, Financial Modeling"
Data Scientist,"SEO, Creativity, Photoshop"
Database Administrator,"Creativity, Database Management, SQL"
Accountant,"Prototyping, Creativity, Media Relations"
Web Developer,"Data Analysis, Google Analytics, Network Security"
Content Writer,"Employee Relations, User Experience Testing, Creativity"
Marketing Specialist,"Excel, Grammar, Java"
Marketing Specialist,"Tax Law, Machine Learning, HTML"
SEO Specialist,"SQL, CSS, Data Visualization"
Project Manager,"Digital Marketing, Data Visualization, Customer Relationship Management"
Database Administrator,"Statistical Analysis, CSS, Excel"
Data Scientist,"Social Media, Database Management, SEO"
SEO Specialist,"User Experience Testing, Photoshop, Google Analytics"
Product Manager,"Google Analytics, Social Media, User Interface Design"
SEO Specialist,"Photoshop, Scientific Research, Java"
Financial Analyst,"Illustrator, CSS, Creativity"
Network Administrator,"Media Relations, Photoshop, SQL"
Accountant,"Negotiation, Grammar, Customer Relationship Management"
Database Administrator,"Google Analytics, Project Coordination, Creativity"
Network Administrator,"Employee Relations, Grammar, Social Media"
Database Administrator,"Financial Modeling, Scientific Research, Sales Pitching"
Research Scientist,"Creativity, Media Relations, CSS"
Marketing Specialist,"Prototyping, Network Security, Data Analysis"
Product Manager,"Network Security, Product Development, SEO"
Data Scientist,"Java, Google Analytics, Network Security"
Human Resources Manager,"Social Media, Scientific Research, Prototyping"
Marketing Specialist,"Illustrator, Quality Control, Customer Relationship Management"
Web Developer,"Prototyping, Customer Relationship Management, Photoshop"
Web Developer,"Grammar, Database Management, Network Security"
Quality Assurance Analyst,"Python, Database Management, Project Coordination"
Public Relations Specialist,"CSS, Creativity, Quality Control"
Research Scientist,"Network Security, CSS, Project Coordination"
Software Engineer,"User Interface Design, Negotiation, Content Creation"
Graphic Designer,"Prototyping, Employee Relations, Digital Marketing"
Human Resources Manager,"CSS, Database Management, Financial Modeling"
Sales Representative,"Photoshop, Database Management, HTML"
SEO Specialist,"CSS, Java, Project Coordination"
Graphic Designer,"Employee Relations, Content Creation, HTML"
Human Resources Manager,"HTML, Data Analysis, Data Visualization"
Product Manager,"Statistical Analysis, Prototyping, HTML"
Project Manager,"Sales Pitching, Prototyping, HTML"
Product Manager,"User Interface Design, Google Analytics, Illustrator"
Sales Representative,"Product Development, Database Management, Excel"
Graphic Designer,"Database Management, Grammar, Illustrator"
SEO Specialist,"CSS, Database Management, Data Analysis"
Data Analyst,"CSS, Photoshop, HTML"
Accountant,"Excel, Market Research, Employee Relations"
Human Resources Manager,"Illustrator, Market Research, Scientific Research"
